{
  "coefficients": {
    "amusement": {
      "intercept": 0.3643796928048934,
      "slope": 0.11053537288193051
    },
    "anger": {
      "intercept": 0.1841635076431574,
      "slope": 0.08594625887109099
    },
    "awe": {
      "intercept": 0.32199009817368807,
      "slope": 0.033485630889890663
    },
    "contentment": {
      "intercept": 0.2659233043642762,
      "slope": 0.10003265171281608
    },
    "disgust": {
      "intercept": 0.12835558134874417,
      "slope": 0.08709565089672436
    },
    "excitement": {
      "intercept": 0.3316854485794056,
      "slope": 0.11495851118723836
    },
    "fear": {
      "intercept": 0.20823298553169273,
      "slope": 0.11829540438174654
    },
    "sadness": {
      "intercept": 0.16948171708490323,
      "slope": -0.007995928178228457
    }
  },
  "model_type": "per_emotion_univariate_linear_baseline",
  "training_row_count": 173
}