{
  "fold_index": 1,
  "metrics": {
    "n_test_samples": 46,
    "overall": {
      "mae": 0.2251692472826087,
      "mean_vector_cosine_similarity": 0.7956725304940748,
      "pearson": 0.3721022634652781,
      "rmse": 0.27323375892658186,
      "spearman": 0.3842520970743712,
      "top_emotion_accuracy": 0.30434782608695654
    },
    "per_emotion": {
      "amusement": {
        "mae": 0.23293832608695653,
        "pearson": 0.09859670576974076,
        "rmse": 0.3016394879839825,
        "spearman": 0.06418469374364938
      },
      "anger": {
        "mae": 0.22166115217391305,
        "pearson": 0.13924815183725842,
        "rmse": 0.2527042516442199,
        "spearman": 0.15841389622622493
      },
      "awe": {
        "mae": 0.21105241304347827,
        "pearson": -0.05379726888613076,
        "rmse": 0.25305810979870075,
        "spearman": -0.10190703498428673
      },
      "contentment": {
        "mae": 0.20957884782608696,
        "pearson": 0.18538063016108594,
        "rmse": 0.26396848735181316,
        "spearman": 0.23005344251988818
      },
      "disgust": {
        "mae": 0.2001223695652174,
        "pearson": -0.0230674363788753,
        "rmse": 0.23258999097277894,
        "spearman": 0.06404714135321447
      },
      "excitement": {
        "mae": 0.24081582608695654,
        "pearson": -0.0012626331556091779,
        "rmse": 0.29622260801897826,
        "spearman": 0.02748440491631153
      },
      "fear": {
        "mae": 0.2591594565217391,
        "pearson": 0.039124279932650705,
        "rmse": 0.28943652436328765,
        "spearman": -0.05248154326802065
      },
      "sadness": {
        "mae": 0.22602558695652172,
        "pearson": 0.1105106244690712,
        "rmse": 0.2882194794586463,
        "spearman": 0.07520932107418862
      }
    }
  },
  "test_count": 46,
  "train_count": 173
}