{
  "agent_id": 5,
  "agent_name": "Evaluation Agent",
  "fold_index": 2,
  "metrics": {
    "n_test_samples": 46,
    "overall": {
      "mae": 0.22214382880434783,
      "mean_vector_cosine_similarity": 0.8295257892890155,
      "pearson": 0.4278569181078076,
      "rmse": 0.27483359165443483,
      "spearman": 0.4393298523111879,
      "top_emotion_accuracy": 0.21739130434782608
    },
    "per_emotion": {
      "amusement": {
        "mae": 0.23745941304347826,
        "pearson": 0.06577150812084732,
        "rmse": 0.28849212281503644,
        "spearman": 0.02836225328153863
      },
      "anger": {
        "mae": 0.2218420652173913,
        "pearson": 0.11864529436938363,
        "rmse": 0.2757432988353243,
        "spearman": 0.07932280042506425
      },
      "awe": {
        "mae": 0.24593202173913042,
        "pearson": -0.013869132158609588,
        "rmse": 0.2918287779665613,
        "spearman": -0.02002861230898759
      },
      "contentment": {
        "mae": 0.2226952608695652,
        "pearson": 0.0426169028980529,
        "rmse": 0.2782136029521359,
        "spearman": 0.060790002068905793
      },
      "disgust": {
        "mae": 0.18967743478260868,
        "pearson": -0.10915505970000995,
        "rmse": 0.2478334679683464,
        "spearman": -0.07534828165759887
      },
      "excitement": {
        "mae": 0.23054578260869563,
        "pearson": 0.16272605333540066,
        "rmse": 0.2792448592320398,
        "spearman": 0.11154701615258784
      },
      "fear": {
        "mae": 0.23231152173913044,
        "pearson": 0.10455847283640318,
        "rmse": 0.2823954917337832,
        "spearman": 0.1492954416408496
      },
      "sadness": {
        "mae": 0.19668713043478261,
        "pearson": -0.19998058923622852,
        "rmse": 0.25158055471981616,
        "spearman": -0.1311210078307566
      }
    }
  },
  "test_count": 46,
  "timestamp": "2026-04-01T19:57:28.047147+00:00",
  "train_count": 173
}