{
  "agent_id": 5,
  "agent_name": "Evaluation Agent",
  "fold_index": 4,
  "metrics": {
    "n_test_samples": 42,
    "overall": {
      "mae": 0.22362740178571427,
      "mean_vector_cosine_similarity": 0.750159222251182,
      "pearson": 0.3379987535863755,
      "rmse": 0.2691428775566598,
      "spearman": 0.3743487396945228,
      "top_emotion_accuracy": 0.2619047619047619
    },
    "per_emotion": {
      "amusement": {
        "mae": 0.2535415952380952,
        "pearson": 0.2517676217891593,
        "rmse": 0.30310905827617796,
        "spearman": 0.3172624050513331
      },
      "anger": {
        "mae": 0.2330392380952381,
        "pearson": -0.13649389483516747,
        "rmse": 0.2682737643210756,
        "spearman": -0.16023002053487256
      },
      "awe": {
        "mae": 0.2245025,
        "pearson": -0.03200161104126494,
        "rmse": 0.26666865352731545,
        "spearman": -0.03661148868682295
      },
      "contentment": {
        "mae": 0.20823533333333333,
        "pearson": 0.0637034841101503,
        "rmse": 0.24847942232114037,
        "spearman": 0.11992133256348225
      },
      "disgust": {
        "mae": 0.19157159523809522,
        "pearson": 0.20323227116683854,
        "rmse": 0.22370901552202435,
        "spearman": 0.12502666211961022
      },
      "excitement": {
        "mae": 0.23494583333333333,
        "pearson": 0.20139607067076246,
        "rmse": 0.2854027049907268,
        "spearman": 0.20604490396487266
      },
      "fear": {
        "mae": 0.2472987380952381,
        "pearson": 0.2769378852545416,
        "rmse": 0.2910264664955422,
        "spearman": 0.32072807634264316
      },
      "sadness": {
        "mae": 0.19588438095238092,
        "pearson": -0.09844437581102594,
        "rmse": 0.2580817090572378,
        "spearman": 0.04932098675860066
      }
    }
  },
  "test_count": 42,
  "timestamp": "2026-04-01T20:02:57.231019+00:00",
  "train_count": 177
}