{
  "agent_id": 5,
  "agent_name": "Evaluation Agent",
  "fold_index": 3,
  "metrics": {
    "n_test_samples": 43,
    "overall": {
      "mae": 0.2148881046511628,
      "mean_vector_cosine_similarity": 0.8099782895087906,
      "pearson": 0.31884604229204044,
      "rmse": 0.26330275131343905,
      "spearman": 0.35675194684970946,
      "top_emotion_accuracy": 0.2558139534883721
    },
    "per_emotion": {
      "amusement": {
        "mae": 0.2163156511627907,
        "pearson": 0.15342936847772384,
        "rmse": 0.2660982377244723,
        "spearman": 0.24222824105289678
      },
      "anger": {
        "mae": 0.24120709302325583,
        "pearson": 0.30685480089829503,
        "rmse": 0.31029687057146077,
        "spearman": 0.3068754910663096
      },
      "awe": {
        "mae": 0.2127132558139535,
        "pearson": 0.05979806739495421,
        "rmse": 0.24971555370880089,
        "spearman": 0.11863894433193219
      },
      "contentment": {
        "mae": 0.23470437209302325,
        "pearson": 0.1150733873027769,
        "rmse": 0.27226580382438687,
        "spearman": 0.05910443885879233
      },
      "disgust": {
        "mae": 0.19487458139534883,
        "pearson": 0.11524098215536466,
        "rmse": 0.25739342951774624,
        "spearman": -0.10687552869500598
      },
      "excitement": {
        "mae": 0.22247913953488374,
        "pearson": -0.04765470107978561,
        "rmse": 0.27088368195888923,
        "spearman": -0.11854988303856316
      },
      "fear": {
        "mae": 0.21213853488372092,
        "pearson": 0.04960325270130095,
        "rmse": 0.25985413355336,
        "spearman": -0.10801312845951641
      },
      "sadness": {
        "mae": 0.18467220930232559,
        "pearson": -0.11576625439584777,
        "rmse": 0.20950954072736327,
        "spearman": -0.17613576004812714
      }
    }
  },
  "test_count": 43,
  "timestamp": "2026-04-01T19:58:42.229025+00:00",
  "train_count": 176
}