{
  "fold_index": 5,
  "metrics": {
    "n_test_samples": 42,
    "overall": {
      "mae": 0.20966796726190476,
      "mean_vector_cosine_similarity": 0.786366563381112,
      "pearson": 0.28164069115307994,
      "rmse": 0.262480242108896,
      "spearman": 0.33067988961535627,
      "top_emotion_accuracy": 0.23809523809523808
    },
    "per_emotion": {
      "amusement": {
        "mae": 0.21788007142857144,
        "pearson": -0.1312947968331427,
        "rmse": 0.27304077829271306,
        "spearman": -0.12625503873218416
      },
      "anger": {
        "mae": 0.21089288095238098,
        "pearson": 0.044599484673886344,
        "rmse": 0.26380691593289174,
        "spearman": -0.04127369319088869
      },
      "awe": {
        "mae": 0.23380985714285715,
        "pearson": -0.24881377016947825,
        "rmse": 0.26814585924748385,
        "spearman": -0.2211966691688112
      },
      "contentment": {
        "mae": 0.19851640476190474,
        "pearson": 0.1694608830891787,
        "rmse": 0.2340168479391113,
        "spearman": 0.23653570205445143
      },
      "disgust": {
        "mae": 0.17079466666666668,
        "pearson": 0.19569668101968574,
        "rmse": 0.22830317775076028,
        "spearman": 0.19253985604088106
      },
      "excitement": {
        "mae": 0.20714902380952382,
        "pearson": 0.3049644917255441,
        "rmse": 0.24776748177748656,
        "spearman": 0.3133127531363259
      },
      "fear": {
        "mae": 0.22015659523809525,
        "pearson": 0.16430917058140437,
        "rmse": 0.28892337196544166,
        "spearman": 0.23144530910714783
      },
      "sadness": {
        "mae": 0.21814423809523809,
        "pearson": 0.025497295427250707,
        "rmse": 0.28873482065622247,
        "spearman": 0.07604901354366074
      }
    }
  },
  "test_count": 42,
  "train_count": 177
}